{
  "shoulder_lift_joint": -2.0759383640685023,
  "elbow_joint": 2.566503111516134,
  "wrist_1_joint": -3.5514947376646937,
  "wrist_2_joint": -1.8365142981158655,
  "wrist_3_joint": -3.2065861860858362,
  "shoulder_pan_joint": 1.6741502285003662
}