{
  "shoulder_lift_joint": -3.0683442554869593,
  "elbow_joint": 1.307953182850973,
  "wrist_1_joint": -1.1725896161845704,
  "wrist_2_joint": -1.806596581135885,
  "wrist_3_joint": -3.105837885533468,
  "shoulder_pan_joint": 1.802199363708496
}