{
  "shoulder_lift_joint": -2.306118150750631,
  "elbow_joint": 1.7414739767657679,
  "wrist_1_joint": -2.5632177791991175,
  "wrist_2_joint": -1.8588727156268519,
  "wrist_3_joint": -3.1827171484576624,
  "shoulder_pan_joint": 1.8010485172271729
}