{
  "shoulder_lift_joint": -2.589433809319967,
  "elbow_joint": 2.451322380696432,
  "wrist_1_joint": -1.2090698045543213,
  "wrist_2_joint": -0.7296879927264612,
  "wrist_3_joint": -4.983028952275411,
  "shoulder_pan_joint": -0.036690537129537404
}