{
  "width": 1920,
  "height": 1080,
  "distortion_model": "rational_polynomial",
  "D": [
    0.007456515450030565,
    -0.04320867359638214,
    -0.00011679423914756626,
    -0.00025991935399360955,
    0.029316553846001625,
    0.0,
    0.0,
    0.0
  ],
  "K": [
    1033.10986328125,
    0.0,
    966.8815307617188,
    0.0,
    1032.70947265625,
    537.9884033203125,
    0.0,
    0.0,
    1.0
  ],
  "R": [
    1.0,
    0.0,
    0.0,
    0.0,
    1.0,
    0.0,
    0.0,
    0.0,
    1.0
  ],
  "P": [
    1033.10986328125,
    0.0,
    966.8815307617188,
    0.0,
    0.0,
    1032.70947265625,
    537.9884033203125,
    0.0,
    0.0,
    0.0,
    1.0,
    0.0
  ]
}