{
  "parent_frame": "base_link",
  "child_frame": "gemini336_color_optical_frame",
  "translation": {
    "x": 0.44121233876690014,
    "y": 0.20633144466058062,
    "z": 0.32646870763751606
  },
  "rotation_quaternion": {
    "x": 0.6192847849425074,
    "y": -0.6191933542953836,
    "z": 0.43721309329541297,
    "w": -0.2047697638475966
  }
}