{
  "shoulder_lift_joint": -2.076001306573385,
  "elbow_joint": 2.566559616719381,
  "wrist_1_joint": -3.5514589748778285,
  "wrist_2_joint": -1.836618725453512,
  "wrist_3_joint": -3.206569019948141,
  "shoulder_pan_joint": 1.6741793155670166
}