{
  "shoulder_lift_joint": -2.330123563806051,
  "elbow_joint": 1.6437018553363245,
  "wrist_1_joint": -2.253608366052145,
  "wrist_2_joint": -1.84709340730776,
  "wrist_3_joint": -3.133179012929098,
  "shoulder_pan_joint": 1.8007932901382446
}