{
  "shoulder_lift_joint": -2.5893737278380335,
  "elbow_joint": 2.451289717351095,
  "wrist_1_joint": -1.2091811162284394,
  "wrist_2_joint": -0.7297003904925745,
  "wrist_3_joint": -4.983169023190634,
  "shoulder_pan_joint": -0.03653890291322881
}