{
  "shoulder_lift_joint": -3.0683475933470667,
  "elbow_joint": 1.3080928961383265,
  "wrist_1_joint": -1.1726015371135254,
  "wrist_2_joint": -1.806634251271383,
  "wrist_3_joint": -3.105912987385885,
  "shoulder_pan_joint": 1.8022356033325195
}